Objeto,Tipo
T-108 a T-109.JPG,2
T-112 a T-113.JPG,2
T-083 a T-084.JPG,2
T-118 a T-119.JPG,2
T-125.JPG,1
T-093.JPG,1
T-063.JPG,1
T-045 a T-046.JPG,2
T-145.JPG,1
T-040.JPG,1
T-144.JPG,1
T-098.JPG,1
T-121.JPG,1
T-127.JPG,1
T-114 a T-115.JPG,2
T-117.JPG,1
T-078.JPG,1
T-047 a T-048.JPG,2
T-049.JPG,1
T-115.JPG,1
T-142.JPG,1
T-113 a T-114.JPG,2
T-153.JPG,1
T-148.JPG,1
T-068 a T-069.JPG,2
T-107.JPG,1
T-139.JPG,1
T-049 a T-050.JPG,2
T-087.JPG,1
T-099 a T-100.JPG,2
T-086 a T-087.JPG,2
T-073 a T-074.JPG,2
T-128 a T-129.JPG,2
T-065 a T-066.JPG,2
T-104 a T-105.JPG,2
T-078 a T-079.JPG,2
T-156.JPG,1
T-048.JPG,1
T-103 a T-104.JPG,2
T-063 a T-064.JPG,2
T-134 a T-135.JPG,2
T-134.JPG,1
T-141.JPG,1
T-107 a T-108.JPG,2
T-097 a T-098.JPG,2
T-110 a T-111.JPG,2
T-090.JPG,1
T-055.JPG,1
T-151 a T-152.JPG,2
T-059.JPG,1
T-055 a T-056.JPG,2
T-076.JPG,1
T-040 a T-041.JPG,2
T-116 a T-117.JPG,2
T-126 a T-127.JPG,2
T-039.JPG,1
T-135 a T-136.JPG,2
T-039 a T-040.JPG,2
T-064 a T-065.JPG,2
T-094 a T-095.JPG,2
T-118.JPG,1
T-089.JPG,1
T-064.JPG,1
T-137 a T-138.JPG,2
T-133.JPG,1
T-095 a T-096.JPG,2
T-102.JPG,1
T-058.JPG,1
T-113.JPG,1
T-092 a T-093.JPG,2
T-148 a T-149.JPG,2
T-054 a T-055.JPG,2
T-137.JPG,1
T-102 a T-103.JPG,2
T-105 a T-106.JPG,2
T-081.JPG,1
T-132.JPG,1
T-150.JPG,1
T-133 a T-134.JPG,2
T-124 a T-125.JPG,2
T-098 a T-099.JPG,2
T-154.JPG,1
T-073.JPG,1
T-066 a T-067.JPG,2
T-127 a T-128.JPG,2
T-058 a T-059.JPG,2
T-054.JPG,1
T-061 a T-062.JPG,2
T-136.JPG,1
T-101 a T-102.JPG,2
T-103.JPG,1
T-111 a T-112.JPG,2
T-091 a T-092.JPG,2
T-138.JPG,1
T-122 a T-123.JPG,2
T-047.JPG,1
T-088 a T-089.JPG,2
T-069 a T-070.JPG,2
T-153 a T-154.JPG,2
T-062 a T-063.JPG,2
T-099.JPG,1
T-085 a T-086.JPG,2
T-050.JPG,1
T-084.JPG,1
T-070.JPG,1
T-089 a T-090.JPG,2
T-152.JPG,1
T-077.JPG,1
T-059 a T-060.JPG,2
T-077 a T-078.JPG,2
T-050 a T-051.JPG,2
T-135.JPG,1
T-121 a T-122.JPG,2
T-112.JPG,1
T-075.JPG,1
T-101.JPG,1
T-046.JPG,1
T-044.JPG,1
T-106.JPG,1
T-109.JPG,1
T-131 a T-132.JPG,2
T-111.JPG,1
T-060.JPG,1
T-068.JPG,1
T-074 a T-075.JPG,2
T-051.JPG,1
T-076 a T-077.JPG,2
T-146.JPG,1
T-082 a T-083.JPG,2
T-043.JPG,1
T-051 a T-052.JPG,2
T-109 a T-110.JPG,2
T-117 a T-118.JPG,2
T-066.JPG,1
T-129.JPG,1
T-149.JPG,1
T-140.JPG,1
T-041 a T-042.JPG,2
T-067.JPG,1
T-057 a T-058.JPG,2
T-125 a T-126.JPG,2
T-147 a T-148.JPG,2
T-079 a T-080.JPG,2
T-100 a T-101.JPG,2
T-070 a T-071.JPG,2
T-048 a T-049.JPG,2
T-071.JPG,1
T-108.JPG,1
T-088.JPG,1
T-081 a T-082.JPG,2
T-110.JPG,1
T-116.JPG,1
T-074.JPG,1
T-120 a T-121.JPG,2
T-095.JPG,1
T-090 a T-091.JPG,2
T-155 a T-156.JPG,2
T-096.JPG,1
T-122.JPG,1
T-069.JPG,1
T-105.JPG,1
T-044 a T-045.JPG,2
T-087 a T-088.JPG,2
T-052 a T-053.JPG,2
T-062.JPG,1
T-071 a T-072.JPG,2
T-151.JPG,1
T-056.JPG,1
T-085.JPG,1
T-131.JPG,1
T-155.JPG,1
T-061.JPG,1
T-115 a T-116.JPG,2
T-080 a T-081.JPG,2
T-046 a T-047.JPG,2
T-152 a T-153.JPG,2
T-128.JPG,1
T-065.JPG,1
T-100.JPG,1
T-057.JPG,1
T-042.JPG,1
T-086.JPG,1
T-129 a T-130.JPG,2
T-119 a T-120.JPG,2
T-097.JPG,1
T-067 a T-068.JPG,2
T-096 a T-097.JPG,2
T-079.JPG,1
T-120.JPG,1
T-052.JPG,1
T-149 a T-150.JPG,2
T-114.JPG,1
T-045.JPG,1
T-143.JPG,1
T-060 a T-061.JPG,2
T-136 a T-137.JPG,2
T-132 a T-133.JPG,2
T-083.JPG,1
T-075 a T-076.JPG,2
T-150 a T-151.JPG,2
T-130.JPG,1
T-093 a T-094.JPG,2
T-126.JPG,1
T-106 a T-107.JPG,2
T-080.JPG,1
T-154 a T-155.JPG,2
T-092.JPG,1
T-123.JPG,1
T-041.JPG,1
T-072 a T-073.JPG,2
T-053 a T-054.JPG,2
T-091.JPG,1
T-124.JPG,1
T-072.JPG,1
T-056 a T-057.JPG,2
T-084 a T-085.JPG,2
T-053.JPG,1
T-043 a T-044.JPG,2
T-082.JPG,1
T-094.JPG,1
T-104.JPG,1
T-123 a T-124.JPG,2
T-130 a T-131.JPG,2
T-119.JPG,1
T-042 a T-043.JPG,2
